company	logo	positions
Bank of America	bank-of-america-emblem.png	Full-Time · PM
EY	ey.png	Intern · Process & Controls
JP Morgan	jp.png	Intern · IB, Intern · Analyst
PwC	pwc.png	Intern · Cyber Defense & Eng., Intern · Cyber Risk & Reg., Intern · Tech Consultant
Northrop Grumman	northrop.png	Intern · Cyber Info Assurance
Deloitte	deloitte.png	Intern · Management Consulting
Disney	disney.jpg	Intern · Corp. Enterprise Risk Mgmt.
KPMG	kpmg.png	Intern · Consultant
General Dynamics	general_dynamics.jpg	Intern · Software Eng.
DrFirst	drfirst.png	Intern · Software Eng.
US Bank	usbank.png	Intern · PM
Accenture	accenture.png	Intern · Consulting Analyst
